id,first_name,last_name,email,gender,ip_address
1,Randolf,Templeman,rtempleman0@pcworld.com,Male,146.217.123.22
2,Frasquito,Ferns,fferns1@taobao.com,Male,172.214.2.215
3,Germaine,Mulhill,gmulhill2@goodreads.com,Male,156.118.122.128
4,Harrie,Nesbeth,hnesbeth3@hubpages.com,Female,28.36.3.203
5,Lawton,Burgne,lburgne4@redcross.org,Male,89.195.236.209
6,Royal,Ovington,rovington5@wordpress.org,Male,22.198.111.35
7,Baxter,Fackrell,bfackrell6@intel.com,Male,183.184.166.27
8,Joannes,Budget,jbudget7@europa.eu,Female,125.135.141.173
9,Weston,Patria,wpatria8@weebly.com,Male,236.62.158.155
10,Brandon,Romanetti,bromanetti9@weebly.com,Male,54.42.203.34
11,Elia,Castelin,ecastelina@senate.gov,Male,133.91.47.26
12,Pauly,Spender,pspenderb@globo.com,Bigender,29.246.74.10
13,Fredericka,Gammett,fgammettc@xing.com,Female,131.33.96.174
14,Dode,Simonaitis,dsimonaitisd@hostgator.com,Female,255.165.162.244
15,Juliana,MacKintosh,jmackintoshe@nature.com,Female,107.219.2.207
16,Sim,Devanney,sdevanneyf@gravatar.com,Male,95.117.2.172
17,Urbain,Shutte,ushutteg@independent.co.uk,Male,32.243.204.23
18,Trueman,Scraggs,tscraggsh@dmoz.org,Male,15.42.79.39
19,Clementius,Mashro,cmashroi@state.tx.us,Male,212.184.9.15
20,Sanders,Partner,spartnerj@angelfire.com,Genderqueer,243.214.52.197
